default_0_0_1,02/03/17 12:43:08.895,,,,,,-
default_0_0_2,02/03/17 12:43:31.722,,,,,,-
default_0_0_1,02/03/17 12:46:40.224,,,,,,-
default_0_0_1,02/03/17 12:55:44.643,,,,,,-
default_0_0_1,02/03/17 13:19:51.270,,,,,,-
default_0_0_1,02/03/17 13:23:25.803,,,,,,-
default_0_0_1,02/03/17 13:26:18.267,,,,,,-
default_0_0_1,02/03/17 13:28:56.724,,,,,,-
default_0_0_1,02/03/17 13:43:37.554,,,,,,-
default_0_0_1,02/03/17 13:48:04.805,,,,,,-
default_0_0_1,02/03/17 13:51:27.240,,,,,,-
default_0_0_1,03/03/17 18:05:47.283,,,,,,-
